From;To;Type;Through;start_x;start_y;stop_x;stop_y;adjacency_rule_name;Comment
6640;17099;sea;15743;-1;-1;-1;-1;;Dinosaur shape to S shape Bartannia
6398;6353;sea;13391;-1;-1;-1;-1;;Dinosaur shape to Duck
17102;17109;sea;9828;-1;-1;-1;-1;;Dinosaur shape to Dino Shape
1614;6634;sea;14337;-1;-1;-1;-1;;S shape to Mainland
6537;3092;sea;14273;-1;-1;-1;-1;;Dino shape to Mainland
17125;17115;sea;14273;-1;-1;-1;-1;;Dino shape to Mainland
6364;17123;sea;12457;-1;-1;-1;-1;;Duck shape to Mainland
2287;6438;sea;14577;-1;-1;-1;-1;;Duck shape to Mainland
6485;6423;sea;14825;-1;-1;-1;-1;;Mainland to Line island
1105;6423;sea;14825;-1;-1;-1;-1;;Mainland to Line island
3503;6815;sea;10990;-1;-1;-1;-1;;Left Island to Mainland Struthice
1847;6781;sea;14252;-1;-1;-1;-1;;Left Island to Mainland Struthice
6704;6758;sea;8963;-1;-1;-1;-1;;Right Island to Mainland Struthice
3454;6747;sea;13551;-1;-1;-1;-1;;Right Island to Mainland Struthice
6923;2230;sea;11235;-1;-1;-1;-1;;Stegos Islands
6952;2234;sea;15040;-1;-1;-1;-1;;Stegos Islands
2592;8763;sea;11671;-1;-1;-1;-1;;South Islands
8764;8756;sea;15232;-1;-1;-1;-1;;South Islands
4761;3568;sea;12494;-1;-1;-1;-1;;South Islands
8785;8784;sea;11876;-1;-1;-1;-1;;Yuagara
8782;8784;sea;11876;-1;-1;-1;-1;;Yuagara
8782;8781;sea;16411;-1;-1;-1;-1;;Yuagara
8780;8781;sea;16411;-1;-1;-1;-1;;Yuagara
1456;8781;sea;16411;-1;-1;-1;-1;;Yuagara
1456;8780;sea;16411;-1;-1;-1;-1;;Yuagara
7910;4108;sea;9619;-1;-1;-1;-1;;Yuagara
7910;7891;sea;13206;-1;-1;-1;-1;;Yuagara
8779;7891;sea;13437;-1;-1;-1;-1;;Yuagara
7802;8778;sea;11627;-1;-1;-1;-1;;Yuagara
8776;8777;sea;16322;-1;-1;-1;-1;;Yuagara
8776;2020;sea;16317;-1;-1;-1;-1;;Yuagara
8775;2020;sea;13770;-1;-1;-1;-1;;Yuagara
8775;7707;sea;12860;-1;-1;-1;-1;;Yuagara
7687;7707;sea;12860;-1;-1;-1;-1;;Yuagara
7687;7667;sea;16265;-1;-1;-1;-1;;Yuagara
746;7641;sea;16265;-1;-1;-1;-1;;Yuagara
7627;7641;sea;16265;-1;-1;-1;-1;;Yuagara
7611;7595;sea;10520;-1;-1;-1;-1;;Yuagara
3370;7541;sea;11644;-1;-1;-1;-1;;Yuagara
7528;4956;sea;16193;-1;-1;-1;-1;;Yuagara
7524;4663;sea;16176;-1;-1;-1;-1;;Yuagara
2588;7462;sea;14052;-1;-1;-1;-1;;Yuagara
7462;7443;sea;14052;-1;-1;-1;-1;;Yuagara
8774;2039;sea;16095;-1;-1;-1;-1;;Yuagara
7385;4672;sea;9633;-1;-1;-1;-1;;Yuagara
831;3146;sea;15261;-1;-1;-1;-1;;Aragario
7220;7150;sea;12872;-1;-1;-1;-1;;Aragario
7113;7087;sea;14864;-1;-1;-1;-1;;Aragario
343;7049;sea;13192;-1;-1;-1;-1;;Aragario
7018;3998;sea;11613;-1;-1;-1;-1;;Aragario
7162;7182;sea;11101;-1;-1;-1;-1;;Aragario
7292;7311;sea;8972;-1;-1;-1;-1;;Ichaly
7266;8773;sea;9571;-1;-1;-1;-1;;Ichaly
17171;8773;sea;9571;-1;-1;-1;-1;;Ichaly
7295;4839;sea;8972;-1;-1;-1;-1;;Ichaly
4278;17162;sea;10899;-1;-1;-1;-1;;Ichaly
7303;17164;sea;15994;-1;-1;-1;-1;;Ichaly
4278;4798;sea;14659;-1;-1;-1;-1;;Ichaly
7360;7373;sea;15051;-1;-1;-1;-1;;Ichaly
17150;4068;sea;12620;-1;-1;-1;-1;;Ichaly
7348;7343;sea;13160;-1;-1;-1;-1;;Ichaly
7223;4114;sea;13297;-1;-1;-1;-1;;Ichaly
7160;8769;sea;13956;-1;-1;-1;-1;;Ichaly
17183;8769;sea;13956;-1;-1;-1;-1;;Ichaly
7199;17180;sea;13268;-1;-1;-1;-1;;Ichaly
7198;7215;sea;15930;-1;-1;-1;-1;;Zalbania
7170;7145;sea;9974;-1;-1;-1;-1;;Zalbania
3781;3806;sea;12303;-1;-1;-1;-1;;Ichialian Islands
5238;3081;sea;12655;-1;-1;-1;-1;;Elasmos
2267;5125;sea;14677;-1;-1;-1;-1;;Elasmos
5125;5279;sea;15360;-1;-1;-1;-1;;Elasmos
5279;3746;sea;15360;-1;-1;-1;-1;;Elasmos
2610;3706;sea;15403;-1;-1;-1;-1;;Elasmos
3213;5335;sea;14550;-1;-1;-1;-1;;Elasmos
5360;5349;sea;13621;-1;-1;-1;-1;;Elasmos
3480;4857;sea;12802;-1;-1;-1;-1;;Elasmos
4857;5452;sea;12770;-1;-1;-1;-1;;Elasmos
5485;5434;sea;13114;-1;-1;-1;-1;;Elasmos
136;5454;sea;15098;-1;-1;-1;-1;;Elasmos
5532;5512;sea;12567;-1;-1;-1;-1;;Clidasia
5525;5558;sea;11175;-1;-1;-1;-1;;Clidasia
4066;3555;sea;15563;-1;-1;-1;-1;;Clidasia
4994;5643;sea;14980;-1;-1;-1;-1;;Clidasia
5124;5766;sea;15581;-1;-1;-1;-1;;Clidasia
5118;6153;sea;14183;-1;-1;-1;-1;;Clidasia
5207;4737;sea;15659;-1;-1;-1;-1;;Clidasia
5766;1500;sea;15581;-1;-1;-1;-1;;Clidasia
6008;6041;sea;11050;-1;-1;-1;-1;;Clidasia
4757;6134;sea;14183;-1;-1;-1;-1;;Clidasia
6186;6134;sea;`;-1;-1;-1;-1;;Clidasia
6361;6341;sea;15252;-1;-1;-1;-1;;Clidasia-Tyrannia
6171;4226;sea;12495;-1;-1;-1;-1;;Clidasia-Tyrannia
4335;3122;sea;14958;-1;-1;-1;-1;;Clidasia-Tyrannia
885;5904;sea;12075;-1;-1;-1;-1;;Clidasia-Tyrannia
4161;612;sea;12782;-1;-1;-1;-1;;Tyrannia
8766;3276;sea;15671;-1;-1;-1;-1;;Tyrannia
8767;3783;sea;15691;-1;-1;-1;-1;;Tyrannia
4895;4598;sea;12333;-1;-1;-1;-1;;Tyrannia
826;17824;sea;14989;-1;-1;-1;-1;;Tyrannia
3096;6608;sea;11419;-1;-1;-1;-1;;Tyrannia
7038;7029;sea;14179;-1;-1;-1;-1;;Tyrannia
7038;3249;sea;10746;-1;-1;-1;-1;;Tyrannia
6964;4554;sea;14488;-1;-1;-1;-1;;Tyrannia
6837;6743;sea;15139;-1;-1;-1;-1;;Tyrannia
6723;6699;sea;13848;-1;-1;-1;-1;;Tyrannia
4863;6457;sea;15702;-1;-1;-1;-1;;Tyrannia
6851;6826;sea;14301;-1;-1;-1;-1;;Tyrannia
1421;2553;sea;15758;-1;-1;-1;-1;;Tyrannia
6779;6712;sea;13008;-1;-1;-1;-1;;Tyrannia
6712;8768;sea;13581;-1;-1;-1;-1;;Tyrannia
6624;6593;sea;15727;-1;-1;-1;-1;;Tyrannia
6613;4968;sea;15727;-1;-1;-1;-1;;Tyrannia
4918;8768;sea;12473;-1;-1;-1;-1;;Tyrannia
4918;6449;sea;9338;-1;-1;-1;-1;;Tyrannia
6516;6517;sea;11419;-1;-1;-1;-1;;Tyrannia
7418;7398;sea;11406;-1;-1;-1;-1;;Taniwhasa
7398;7389;sea;11687;-1;-1;-1;-1;;Taniwhasa
2540;7361;sea;16040;-1;-1;-1;-1;;Taniwhasa
3972;3582;sea;9956;-1;-1;-1;-1;;Taniwhasa
7368;7323;sea;16024;-1;-1;-1;-1;;Taniwhasa
17267;17265;sea;10236;-1;-1;-1;-1;;Taniwhasa
7323;811;sea;12143;-1;-1;-1;-1;;Taniwhasa
7264;811;sea;15973;-1;-1;-1;-1;;Taniwhasa
7264;8771;sea;12809;-1;-1;-1;-1;;Taniwhasa
2131;8771;sea;15932;-1;-1;-1;-1;;Taniwhasa
6943;2261;sea;13197;-1;-1;-1;-1;;Taniwhasa
6911;6976;sea;15802;-1;-1;-1;-1;;Taniwhasa
6854;1163;sea;14536;-1;-1;-1;-1;;Taniwhasa
7392;7394;sea;8942;-1;-1;-1;-1;;Betan East Indies
7463;3082;sea;15048;-1;-1;-1;-1;;Betan East Indies
3082;7487;sea;11768;-1;-1;-1;-1;;Betan East Indies
2879;7579;sea;16219;-1;-1;-1;-1;;Betan East Indies
485;7650;sea;16269;-1;-1;-1;-1;;Betan East Indies
7660;4852;sea;15281;-1;-1;-1;-1;;Betan East Indies
4852;5045;sea;15281;-1;-1;-1;-1;;Betan East Indies
7724;7736;sea;16303;-1;-1;-1;-1;;Betan East Indies
7767;7781;sea;13825;-1;-1;-1;-1;;Betan East Indies
3165;3833;sea;12712;-1;-1;-1;-1;;Betan East Indies
7844;7837;sea;14644;-1;-1;-1;-1;;Betan East Indies
7883;7877;sea;13950;-1;-1;-1;-1;;Betan East Indies
7956;7973;sea;11456;-1;-1;-1;-1;;Betan East Indies
7956;2349;sea;11456;-1;-1;-1;-1;;Betan East Indies
7939;3930;sea;16409;-1;-1;-1;-1;;Betan East Indies
2825;7909;sea;14241;-1;-1;-1;-1;;Betan East Indies
2825;7863;sea;15087;-1;-1;-1;-1;;Betan East Indies
-1;-1;;-1;-1;-1;-1;-1;-1


































